time_after_drop_ms;distance_cm
0;3
8;4
16;5
25;6
34;7
42;8
50;9
58;9
66;12
77;13
86;14
95;15
104;17
114;18
124;21
133;23
142;25
152;27
162;29
171;31
180;34
190;36
199;39
210;44
219;44
228;44
238;66
247;51
257;54
266;56
275;61
285;63
295;66
304;64
313;66
322;65
333;65
341;53
350;53
359;48
368;45
378;43
387;43
398;66
405;39
415;38
424;36
433;34
442;33
451;31
461;30
471;28
480;27
489;26
498;25
508;24
517;23
526;22
535;22
545;21
554;21
563;20
573;20
582;20
592;20
601;20
610;20
619;20
629;20
639;21
648;21
657;22
666;22
676;23
685;23
695;24
704;25
714;26
723;28
732;29
742;30
751;31
761;33
770;34
780;36
789;37
799;39
810;66
817;42
828;66
837;66
847;66
856;52
866;66
874;55
883;57
894;66
903;65
912;67
921;66
931;63
940;62
949;58
958;57
968;67
978;66
987;51
996;49
1005;47
1016;66
1024;43
1033;43
1043;66
1052;66
1061;41
1070;39
1079;38
1088;37
1098;36
1107;35
1117;35
1126;34
1135;34
1145;34
1154;34
1163;33
1172;33
1181;33
1192;33
1201;33
1210;33
1219;33
1229;34
1238;35
1248;36
1259;66
1269;66
1278;66
1287;66
1295;40
1305;66
1314;40
1323;42
1332;43
1342;45
1351;45
1362;67
1370;51
1380;67
1389;54
1400;67
1408;56
1417;57
1427;61
1436;65
1446;66
1455;65
1465;65
1474;62
1484;65
1493;58
1502;57
1511;55
1520;66
1531;66
1539;53
1548;50
1557;47
1567;48
1576;45
1585;44
1594;44
1603;44
1615;66
1623;43
1632;43
1641;42
1651;66
1662;66
1671;66
1678;42
1688;41
1698;42
1707;43
1717;66
1725;43
1734;44
1745;43
1754;43
1763;45
1772;47
1782;47
1791;47
1802;66
1811;66
1819;51
1829;52
1839;67
1848;66
1858;67
1868;67
1877;67
1886;67
1895;64
1904;67
1914;66
1923;66
1933;66
1942;62
1952;61
1961;66
1970;58
1979;57
1988;56
1998;55
2007;54
2017;67
2026;67
2035;66
2045;66
2055;67
2064;68
2073;66
2083;66
2091;49
2100;47
2109;48
2118;48
2129;49
2139;66
2148;66
2157;66
2167;66
2176;66
2185;66
2195;67
2204;66
2214;67
2223;66
2232;67
2241;66
2251;66
2261;66
2270;67
